URL,package,cran_name
http://archive.ubuntu.com/ubuntu/pool/universe/r/r-bioc-affy/r-bioc-affy_1.56.0-1.dsc,affy,r-bioc-affy
http://archive.ubuntu.com/ubuntu/pool/universe/r/r-bioc-affyio/r-bioc-affyio_1.48.0-1.dsc,affyio,r-bioc-affyio
http://archive.ubuntu.com/ubuntu/pool/universe/r/r-bioc-altcdfenvs/r-bioc-altcdfenvs_1:2.40.0-1.dsc,altcdfenvs,r-bioc-altcdfenvs
http://archive.ubuntu.com/ubuntu/pool/universe/r/r-bioc-annotate/r-bioc-annotate_1.56.1+dfsg-1.dsc,annotate,r-bioc-annotate
http://archive.ubuntu.com/ubuntu/pool/universe/r/r-bioc-annotationdbi/r-bioc-annotationdbi_1.40.0-1.dsc,annotationdbi,r-bioc-annotationdbi
http://archive.ubuntu.com/ubuntu/pool/universe/r/r-bioc-annotationfilter/r-bioc-annotationfilter_1.2.0-1.dsc,annotationfilter,r-bioc-annotationfilter
http://archive.ubuntu.com/ubuntu/pool/universe/r/r-bioc-annotationhub/r-bioc-annotationhub_2.10.1-1.dsc,annotationhub,r-bioc-annotationhub
http://archive.ubuntu.com/ubuntu/pool/universe/r/r-bioc-aroma.light/r-bioc-aroma.light_3.8.0-1.dsc,aroma.light,r-bioc-aroma.light
http://archive.ubuntu.com/ubuntu/pool/universe/r/r-bioc-biobase/r-bioc-biobase_2.38.0-1.dsc,biobase,r-bioc-biobase
http://archive.ubuntu.com/ubuntu/pool/universe/r/r-bioc-biocgenerics/r-bioc-biocgenerics_0.24.0-1ubuntu2.dsc,biocgenerics,r-bioc-biocgenerics
http://archive.ubuntu.com/ubuntu/pool/universe/r/r-bioc-biocinstaller/r-bioc-biocinstaller_1.28.0-1.dsc,biocinstaller,r-bioc-biocinstaller
http://archive.ubuntu.com/ubuntu/pool/universe/r/r-bioc-biocparallel/r-bioc-biocparallel_1.12.0-2.dsc,biocparallel,r-bioc-biocparallel
http://archive.ubuntu.com/ubuntu/pool/universe/r/r-bioc-biomart/r-bioc-biomart_2.34.1-1.dsc,biomart,r-bioc-biomart
http://archive.ubuntu.com/ubuntu/pool/universe/r/r-bioc-biomformat/r-bioc-biomformat_1.6.0-1.dsc,biomformat,r-bioc-biomformat
http://archive.ubuntu.com/ubuntu/pool/universe/r/r-bioc-biostrings/r-bioc-biostrings_2.46.0-1.dsc,biostrings,r-bioc-biostrings
http://archive.ubuntu.com/ubuntu/pool/universe/r/r-bioc-biovizbase/r-bioc-biovizbase_1.26.0-1.dsc,biovizbase,r-bioc-biovizbase
http://archive.ubuntu.com/ubuntu/pool/universe/r/r-bioc-bsgenome/r-bioc-bsgenome_1.46.0-1.dsc,bsgenome,r-bioc-bsgenome
http://archive.ubuntu.com/ubuntu/pool/universe/r/r-bioc-cummerbund/r-bioc-cummerbund_2.20.0-1ubuntu1.dsc,cummerbund,r-bioc-cummerbund
http://archive.ubuntu.com/ubuntu/pool/universe/r/r-bioc-delayedarray/r-bioc-delayedarray_0.4.1-1.dsc,delayedarray,r-bioc-delayedarray
http://archive.ubuntu.com/ubuntu/pool/universe/r/r-bioc-deseq2/r-bioc-deseq2_1.18.1-1.dsc,deseq2,r-bioc-deseq2
http://archive.ubuntu.com/ubuntu/pool/universe/r/r-bioc-dnacopy/r-bioc-dnacopy_1.52.0-1.dsc,dnacopy,r-bioc-dnacopy
http://archive.ubuntu.com/ubuntu/pool/universe/r/r-bioc-ebseq/r-bioc-ebseq_1.18.0-1.dsc,ebseq,r-bioc-ebseq
http://archive.ubuntu.com/ubuntu/pool/universe/r/r-bioc-ensembldb/r-bioc-ensembldb_2.2.2-1.dsc,ensembldb,r-bioc-ensembldb
http://archive.ubuntu.com/ubuntu/pool/universe/r/r-bioc-genefilter/r-bioc-genefilter_1.60.0-1.dsc,genefilter,r-bioc-genefilter
http://archive.ubuntu.com/ubuntu/pool/universe/r/r-bioc-geneplotter/r-bioc-geneplotter_1.56.0-1.dsc,geneplotter,r-bioc-geneplotter
http://archive.ubuntu.com/ubuntu/pool/universe/r/r-bioc-genomeinfodb/r-bioc-genomeinfodb_1.14.0-1.dsc,genomeinfodb,r-bioc-genomeinfodb
http://archive.ubuntu.com/ubuntu/pool/universe/r/r-bioc-genomeinfodbdata/r-bioc-genomeinfodbdata_1.0.0-1.dsc,genomeinfodbdata,r-bioc-genomeinfodbdata
http://archive.ubuntu.com/ubuntu/pool/universe/r/r-bioc-genomicalignments/r-bioc-genomicalignments_1.14.1-1.dsc,genomicalignments,r-bioc-genomicalignments
http://archive.ubuntu.com/ubuntu/pool/universe/r/r-bioc-genomicfeatures/r-bioc-genomicfeatures_1.30.0+dfsg-1.dsc,genomicfeatures,r-bioc-genomicfeatures
http://archive.ubuntu.com/ubuntu/pool/universe/r/r-bioc-genomicranges/r-bioc-genomicranges_1.30.0-1.dsc,genomicranges,r-bioc-genomicranges
http://archive.ubuntu.com/ubuntu/pool/universe/r/r-bioc-go.db/r-bioc-go.db_3.5.0-1.dsc,go.db,r-bioc-go.db
http://archive.ubuntu.com/ubuntu/pool/universe/r/r-bioc-graph/r-bioc-graph_1.56.0-1.dsc,graph,r-bioc-graph
http://archive.ubuntu.com/ubuntu/pool/universe/r/r-bioc-gviz/r-bioc-gviz_1.22.0-1.dsc,gviz,r-bioc-gviz
http://archive.ubuntu.com/ubuntu/pool/universe/r/r-bioc-hypergraph/r-bioc-hypergraph_1.50.0-1.dsc,hypergraph,r-bioc-hypergraph
http://archive.ubuntu.com/ubuntu/pool/universe/r/r-bioc-interactivedisplaybase/r-bioc-interactivedisplaybase_1.16.0-1.dsc,interactivedisplaybase,r-bioc-interactivedisplaybase
http://archive.ubuntu.com/ubuntu/pool/universe/r/r-bioc-iranges/r-bioc-iranges_2.12.0-2.dsc,iranges,r-bioc-iranges
http://archive.ubuntu.com/ubuntu/pool/universe/r/r-bioc-limma/r-bioc-limma_3.34.0+dfsg-1.dsc,limma,r-bioc-limma
http://archive.ubuntu.com/ubuntu/pool/universe/r/r-bioc-makecdfenv/r-bioc-makecdfenv_1.54.0-1.dsc,makecdfenv,r-bioc-makecdfenv
http://archive.ubuntu.com/ubuntu/pool/universe/r/r-bioc-mergeomics/r-bioc-mergeomics_1.6.0-1.dsc,mergeomics,r-bioc-mergeomics
http://archive.ubuntu.com/ubuntu/pool/universe/r/r-bioc-metagenomeseq/r-bioc-metagenomeseq_1.20.0-1.dsc,metagenomeseq,r-bioc-metagenomeseq
http://archive.ubuntu.com/ubuntu/pool/universe/r/r-bioc-multtest/r-bioc-multtest_2.34.0-1.dsc,multtest,r-bioc-multtest
http://archive.ubuntu.com/ubuntu/pool/universe/r/r-bioc-phyloseq/r-bioc-phyloseq_1.22.3-1.dsc,phyloseq,r-bioc-phyloseq
http://archive.ubuntu.com/ubuntu/pool/universe/r/r-bioc-preprocesscore/r-bioc-preprocesscore_1.40.0-1.dsc,preprocesscore,r-bioc-preprocesscore
http://archive.ubuntu.com/ubuntu/pool/universe/r/r-bioc-protgenerics/r-bioc-protgenerics_1.10.0-1.dsc,protgenerics,r-bioc-protgenerics
http://archive.ubuntu.com/ubuntu/pool/universe/r/r-bioc-qvalue/r-bioc-qvalue_2.10.0-1.dsc,qvalue,r-bioc-qvalue
http://archive.ubuntu.com/ubuntu/pool/universe/r/r-bioc-rbgl/r-bioc-rbgl_1.54.0+dfsg-1.dsc,rbgl,r-bioc-rbgl
http://archive.ubuntu.com/ubuntu/pool/universe/r/r-bioc-rsamtools/r-bioc-rsamtools_1.30.0-1.dsc,rsamtools,r-bioc-rsamtools
http://archive.ubuntu.com/ubuntu/pool/universe/r/r-bioc-rtracklayer/r-bioc-rtracklayer_1.38.0-1build1.dsc,rtracklayer,r-bioc-rtracklayer
http://archive.ubuntu.com/ubuntu/pool/universe/r/r-bioc-s4vectors/r-bioc-s4vectors_0.16.0-1.dsc,s4vectors,r-bioc-s4vectors
http://archive.ubuntu.com/ubuntu/pool/universe/r/r-bioc-savr/r-bioc-savr_1.16.0-1.dsc,savr,r-bioc-savr
http://archive.ubuntu.com/ubuntu/pool/universe/r/r-bioc-shortread/r-bioc-shortread_1.36.0-1.dsc,shortread,r-bioc-shortread
http://archive.ubuntu.com/ubuntu/pool/universe/r/r-bioc-snpstats/r-bioc-snpstats_1.28.0+dfsg-1.dsc,snpstats,r-bioc-snpstats
http://archive.ubuntu.com/ubuntu/pool/universe/r/r-bioc-summarizedexperiment/r-bioc-summarizedexperiment_1.8.0-1.dsc,summarizedexperiment,r-bioc-summarizedexperiment
http://archive.ubuntu.com/ubuntu/pool/universe/r/r-bioc-variantannotation/r-bioc-variantannotation_1.24.2-1.dsc,variantannotation,r-bioc-variantannotation
http://archive.ubuntu.com/ubuntu/pool/universe/r/r-bioc-xvector/r-bioc-xvector_0.18.0-1.dsc,xvector,r-bioc-xvector
http://archive.ubuntu.com/ubuntu/pool/universe/r/r-cran-acepack/r-cran-acepack_1.4.1-2build1.dsc,acepack,r-cran-acepack
http://archive.ubuntu.com/ubuntu/pool/universe/r/r-cran-ade4/r-cran-ade4_1.7-10-1.dsc,ade4,r-cran-ade4
http://archive.ubuntu.com/ubuntu/pool/universe/r/r-cran-adegenet/r-cran-adegenet_2.1.1-1.dsc,adegenet,r-cran-adegenet
http://archive.ubuntu.com/ubuntu/pool/universe/r/r-cran-adegraphics/r-cran-adegraphics_1.0-9-1.dsc,adegraphics,r-cran-adegraphics
http://archive.ubuntu.com/ubuntu/pool/universe/r/r-cran-adephylo/r-cran-adephylo_1.1-11-2.dsc,adephylo,r-cran-adephylo
http://archive.ubuntu.com/ubuntu/pool/universe/r/r-cran-aer/r-cran-aer_1.2-5-1.dsc,aer,r-cran-aer
http://archive.ubuntu.com/ubuntu/pool/universe/r/r-cran-afex/r-cran-afex_0.18-0-2.dsc,afex,r-cran-afex
http://archive.ubuntu.com/ubuntu/pool/universe/r/r-cran-amelia/r-cran-amelia_1.7.4-1build1.dsc,amelia,r-cran-amelia
http://archive.ubuntu.com/ubuntu/pool/universe/r/r-cran-amore/r-cran-amore_0.2-15-2.dsc,amore,r-cran-amore
http://archive.ubuntu.com/ubuntu/pool/universe/r/r-cran-animation/r-cran-animation_2.5+dfsg-1.dsc,animation,r-cran-animation
http://archive.ubuntu.com/ubuntu/pool/universe/r/r-cran-ape/r-cran-ape_5.0-1.dsc,ape,r-cran-ape
http://archive.ubuntu.com/ubuntu/pool/universe/r/r-cran-arm/r-cran-arm_1.9-3-2.dsc,arm,r-cran-arm
http://archive.ubuntu.com/ubuntu/pool/universe/r/r-cran-assertthat/r-cran-assertthat_0.2.0-1ubuntu1.dsc,assertthat,r-cran-assertthat
http://archive.ubuntu.com/ubuntu/pool/universe/r/r-cran-backports/r-cran-backports_1.1.1-1.dsc,backports,r-cran-backports
http://archive.ubuntu.com/ubuntu/pool/universe/r/r-cran-base64enc/r-cran-base64enc_0.1-3-1build1.dsc,base64enc,r-cran-base64enc
http://archive.ubuntu.com/ubuntu/pool/universe/r/r-cran-batchjobs/r-cran-batchjobs_1.7-1.dsc,batchjobs,r-cran-batchjobs
http://archive.ubuntu.com/ubuntu/pool/universe/r/r-cran-bayesfactor/r-cran-bayesfactor_0.9.12-2-2build1.dsc,bayesfactor,r-cran-bayesfactor
http://archive.ubuntu.com/ubuntu/pool/universe/r/r-cran-bbmisc/r-cran-bbmisc_1.11-2.dsc,bbmisc,r-cran-bbmisc
http://archive.ubuntu.com/ubuntu/pool/universe/r/r-cran-bbmle/r-cran-bbmle_1.0.20-1ubuntu1.dsc,bbmle,r-cran-bbmle
http://archive.ubuntu.com/ubuntu/pool/universe/r/r-cran-beeswarm/r-cran-beeswarm_0.2.3-2.dsc,beeswarm,r-cran-beeswarm
http://archive.ubuntu.com/ubuntu/pool/universe/r/r-cran-biasedurn/r-cran-biasedurn_1.07-2.dsc,biasedurn,r-cran-biasedurn
http://archive.ubuntu.com/ubuntu/pool/universe/r/r-cran-bindr/r-cran-bindr_0.1-1.dsc,bindr,r-cran-bindr
http://archive.ubuntu.com/ubuntu/pool/universe/r/r-cran-bindrcpp/r-cran-bindrcpp_0.2-1.dsc,bindrcpp,r-cran-bindrcpp
http://archive.ubuntu.com/ubuntu/pool/universe/r/r-cran-bio3d/r-cran-bio3d_2.3-4-1.dsc,bio3d,r-cran-bio3d
http://archive.ubuntu.com/ubuntu/pool/universe/r/r-cran-bit/r-cran-bit_1.1-12-2.dsc,bit,r-cran-bit
http://archive.ubuntu.com/ubuntu/pool/universe/r/r-cran-bit64/r-cran-bit64_0.9-7-2.dsc,bit64,r-cran-bit64
http://archive.ubuntu.com/ubuntu/pool/universe/r/r-cran-blob/r-cran-blob_1.1.0-3.dsc,blob,r-cran-blob
http://archive.ubuntu.com/ubuntu/pool/universe/r/r-cran-blockmodeling/r-cran-blockmodeling_0.1.9-1.dsc,blockmodeling,r-cran-blockmodeling
http://archive.ubuntu.com/ubuntu/pool/universe/r/r-cran-bms/r-cran-bms_0.3.4-3.dsc,bms,r-cran-bms
http://archive.ubuntu.com/ubuntu/pool/universe/r/r-cran-bold/r-cran-bold_0.5.0-1.dsc,bold,r-cran-bold
http://archive.ubuntu.com/ubuntu/pool/universe/r/r-cran-boolnet/r-cran-boolnet_2.1.3-2.dsc,boolnet,r-cran-boolnet
http://archive.ubuntu.com/ubuntu/pool/universe/r/r-cran-bradleyterry2/r-cran-bradleyterry2_1.0-8-1.dsc,bradleyterry2,r-cran-bradleyterry2
http://archive.ubuntu.com/ubuntu/pool/universe/r/r-cran-brew/r-cran-brew_1.0-6-2.dsc,brew,r-cran-brew
http://archive.ubuntu.com/ubuntu/pool/universe/r/r-cran-brglm/r-cran-brglm_0.6.1-1.dsc,brglm,r-cran-brglm
http://archive.ubuntu.com/ubuntu/pool/universe/r/r-cran-broom/r-cran-broom_0.4.3-1.dsc,broom,r-cran-broom
http://archive.ubuntu.com/ubuntu/pool/universe/r/r-cran-ca/r-cran-ca_0.70-2.dsc,ca,r-cran-ca
http://archive.ubuntu.com/ubuntu/pool/universe/r/r-cran-cairo/r-cran-cairo_1.5-9-2.dsc,cairo,r-cran-cairo
http://archive.ubuntu.com/ubuntu/pool/universe/r/r-cran-calibrate/r-cran-calibrate_1.7.2-2.dsc,calibrate,r-cran-calibrate
http://archive.ubuntu.com/ubuntu/pool/universe/r/r-cran-cardata/r-cran-cardata_3.0.1-1.dsc,cardata,r-cran-cardata
http://archive.ubuntu.com/ubuntu/pool/universe/r/r-cran-caret/r-cran-caret_6.0-78+dfsg1-1.dsc,caret,r-cran-caret
http://archive.ubuntu.com/ubuntu/pool/universe/r/r-cran-cellranger/r-cran-cellranger_1.1.0-1.1.dsc,cellranger,r-cran-cellranger
http://archive.ubuntu.com/ubuntu/pool/universe/r/r-cran-checkmate/r-cran-checkmate_1.8.5-1ubuntu1.dsc,checkmate,r-cran-checkmate
http://archive.ubuntu.com/ubuntu/pool/universe/r/r-cran-class/r-cran-class_7.3-14-2build1.dsc,class,r-cran-class
http://archive.ubuntu.com/ubuntu/pool/universe/r/r-cran-cli/r-cran-cli_1.0.0-1.dsc,cli,r-cran-cli
http://archive.ubuntu.com/ubuntu/pool/universe/r/r-cran-clustergeneration/r-cran-clustergeneration_1.3.4-1.dsc,clustergeneration,r-cran-clustergeneration
http://archive.ubuntu.com/ubuntu/pool/universe/r/r-cran-cmprsk/r-cran-cmprsk_2.2-7-3.dsc,cmprsk,r-cran-cmprsk
http://archive.ubuntu.com/ubuntu/pool/universe/r/r-cran-coin/r-cran-coin_1.2-1-1ubuntu1.dsc,coin,r-cran-coin
http://archive.ubuntu.com/ubuntu/pool/universe/r/r-cran-contfrac/r-cran-contfrac_1.1-11-1.dsc,contfrac,r-cran-contfrac
http://archive.ubuntu.com/ubuntu/pool/universe/r/r-cran-conting/r-cran-conting_1.6-2.dsc,conting,r-cran-conting
http://archive.ubuntu.com/ubuntu/pool/universe/r/r-cran-corpcor/r-cran-corpcor_1.6.9-1.dsc,corpcor,r-cran-corpcor
http://archive.ubuntu.com/ubuntu/pool/universe/r/r-cran-crayon/r-cran-crayon_1.3.4-2.dsc,crayon,r-cran-crayon
http://archive.ubuntu.com/ubuntu/pool/universe/r/r-cran-crosstalk/r-cran-crosstalk_1.0.0+dfsg-1.dsc,crosstalk,r-cran-crosstalk
http://archive.ubuntu.com/ubuntu/pool/universe/r/r-cran-crul/r-cran-crul_0.5.0-1.dsc,crul,r-cran-crul
http://archive.ubuntu.com/ubuntu/pool/universe/r/r-cran-cubature/r-cran-cubature_1.3-11-1build1.dsc,cubature,r-cran-cubature
http://archive.ubuntu.com/ubuntu/pool/universe/r/r-cran-curl/r-cran-curl_3.1-2.dsc,curl,r-cran-curl
http://archive.ubuntu.com/ubuntu/pool/universe/r/r-cran-cvst/r-cran-cvst_0.2-1-1.dsc,cvst,r-cran-cvst
http://archive.ubuntu.com/ubuntu/pool/universe/r/r-cran-data.table/r-cran-data.table_1.10.4-3-1.dsc,data.table,r-cran-data.table
http://archive.ubuntu.com/ubuntu/pool/universe/r/r-cran-dbitest/r-cran-dbitest_1.5-2-1.dsc,dbitest,r-cran-dbitest
http://archive.ubuntu.com/ubuntu/pool/universe/r/r-cran-dbplyr/r-cran-dbplyr_1.2.0-1.dsc,dbplyr,r-cran-dbplyr
http://archive.ubuntu.com/ubuntu/pool/universe/r/r-cran-ddalpha/r-cran-ddalpha_1.3.1-1.dsc,ddalpha,r-cran-ddalpha
http://archive.ubuntu.com/ubuntu/pool/universe/r/r-cran-deal/r-cran-deal_1:1.2-37-3.dsc,deal,r-cran-deal
http://archive.ubuntu.com/ubuntu/pool/universe/r/r-cran-deldir/r-cran-deldir_0.1-15-1.dsc,deldir,r-cran-deldir
http://archive.ubuntu.com/ubuntu/pool/universe/r/r-cran-deoptimr/r-cran-deoptimr_1.0-8-1build1.dsc,deoptimr,r-cran-deoptimr
http://archive.ubuntu.com/ubuntu/pool/universe/r/r-cran-desc/r-cran-desc_1.1.1-1.dsc,desc,r-cran-desc
http://archive.ubuntu.com/ubuntu/pool/universe/r/r-cran-desolve/r-cran-desolve_1.20-1.dsc,desolve,r-cran-desolve
http://archive.ubuntu.com/ubuntu/pool/universe/r/r-cran-devtools/r-cran-devtools_1.13.4-1.dsc,devtools,r-cran-devtools
http://archive.ubuntu.com/ubuntu/pool/universe/r/r-cran-diagnosismed/r-cran-diagnosismed_0.2.3-5.dsc,diagnosismed,r-cran-diagnosismed
http://archive.ubuntu.com/ubuntu/pool/universe/r/r-cran-dichromat/r-cran-dichromat_1:2.0-0-1.dsc,dichromat,r-cran-dichromat
http://archive.ubuntu.com/ubuntu/pool/universe/r/r-cran-digest/r-cran-digest_0.6.15-1.dsc,digest,r-cran-digest
http://archive.ubuntu.com/ubuntu/pool/universe/r/r-cran-dimred/r-cran-dimred_0.1.0-1.dsc,dimred,r-cran-dimred
http://archive.ubuntu.com/ubuntu/pool/universe/r/r-cran-distory/r-cran-distory_1.4.3-1.dsc,distory,r-cran-distory
http://archive.ubuntu.com/ubuntu/pool/universe/r/r-cran-domc/r-cran-domc_1.3.5-1.dsc,domc,r-cran-domc
http://archive.ubuntu.com/ubuntu/pool/universe/r/r-cran-doparallel/r-cran-doparallel_1.0.11-1.dsc,doparallel,r-cran-doparallel
http://archive.ubuntu.com/ubuntu/pool/universe/r/r-cran-dosefinding/r-cran-dosefinding_0.9-15-2.dsc,dosefinding,r-cran-dosefinding
http://archive.ubuntu.com/ubuntu/pool/universe/r/r-cran-dosnow/r-cran-dosnow_1.0.16-1.dsc,dosnow,r-cran-dosnow
http://archive.ubuntu.com/ubuntu/pool/universe/r/r-cran-dotcall64/r-cran-dotcall64_0.9-5.2-1.dsc,dotcall64,r-cran-dotcall64
http://archive.ubuntu.com/ubuntu/pool/universe/r/r-cran-downloader/r-cran-downloader_0.4-2.dsc,downloader,r-cran-downloader
http://archive.ubuntu.com/ubuntu/pool/universe/r/r-cran-dplyr/r-cran-dplyr_0.7.4-3.dsc,dplyr,r-cran-dplyr
http://archive.ubuntu.com/ubuntu/pool/universe/r/r-cran-drr/r-cran-drr_0.0.2-1.dsc,drr,r-cran-drr
http://archive.ubuntu.com/ubuntu/pool/universe/r/r-cran-dt/r-cran-dt_0.4+dfsg-1.dsc,dt,r-cran-dt
http://archive.ubuntu.com/ubuntu/pool/universe/r/r-cran-dynlm/r-cran-dynlm_0.3.5-2.dsc,dynlm,r-cran-dynlm
http://archive.ubuntu.com/ubuntu/pool/universe/r/r-cran-e1071/r-cran-e1071_1.6-8-2build1.dsc,e1071,r-cran-e1071
http://archive.ubuntu.com/ubuntu/pool/universe/r/r-cran-ecodist/r-cran-ecodist_2.0.1-1build1.dsc,ecodist,r-cran-ecodist
http://archive.ubuntu.com/ubuntu/pool/universe/r/r-cran-ellipse/r-cran-ellipse_0.4.1-1.dsc,ellipse,r-cran-ellipse
http://archive.ubuntu.com/ubuntu/pool/universe/r/r-cran-elliptic/r-cran-elliptic_1.3-7-2.dsc,elliptic,r-cran-elliptic
http://archive.ubuntu.com/ubuntu/pool/universe/r/r-cran-energy/r-cran-energy_1.7-2-1.dsc,energy,r-cran-energy
http://archive.ubuntu.com/ubuntu/pool/universe/r/r-cran-epi/r-cran-epi_2.19-3.dsc,epi,r-cran-epi
http://archive.ubuntu.com/ubuntu/pool/universe/r/r-cran-epicalc/r-cran-epicalc_2.15.1.0-3.dsc,epicalc,r-cran-epicalc
http://archive.ubuntu.com/ubuntu/pool/universe/r/r-cran-epir/r-cran-epir_0.9-93-1.dsc,epir,r-cran-epir
http://archive.ubuntu.com/ubuntu/pool/universe/r/r-cran-epitools/r-cran-epitools_1:0.5-10-1.dsc,epitools,r-cran-epitools
http://archive.ubuntu.com/ubuntu/pool/universe/r/r-cran-erm/r-cran-erm_0.15-7-1build2.dsc,erm,r-cran-erm
http://archive.ubuntu.com/ubuntu/pool/universe/r/r-cran-estimability/r-cran-estimability_1.2-2.dsc,estimability,r-cran-estimability
http://archive.ubuntu.com/ubuntu/pool/universe/r/r-cran-etm/r-cran-etm_0.6-2-4.dsc,etm,r-cran-etm
http://archive.ubuntu.com/ubuntu/pool/universe/r/r-cran-evaluate/r-cran-evaluate_0.10.1-1.dsc,evaluate,r-cran-evaluate
http://archive.ubuntu.com/ubuntu/pool/universe/r/r-cran-evd/r-cran-evd_2.3-2-2.dsc,evd,r-cran-evd
http://archive.ubuntu.com/ubuntu/pool/universe/r/r-cran-expm/r-cran-expm_0.999-2-2.dsc,expm,r-cran-expm
http://archive.ubuntu.com/ubuntu/pool/universe/r/r-cran-factominer/r-cran-factominer_1.39-1.dsc,factominer,r-cran-factominer
http://archive.ubuntu.com/ubuntu/pool/universe/r/r-cran-fail/r-cran-fail_1.3-2.dsc,fail,r-cran-fail
http://archive.ubuntu.com/ubuntu/pool/universe/r/r-cran-fastcluster/r-cran-fastcluster_1.1.24-1.dsc,fastcluster,r-cran-fastcluster
http://archive.ubuntu.com/ubuntu/pool/universe/r/r-cran-fastica/r-cran-fastica_1.2-1-1.dsc,fastica,r-cran-fastica
http://archive.ubuntu.com/ubuntu/pool/universe/r/r-cran-fastmatch/r-cran-fastmatch_1.1-0-1.dsc,fastmatch,r-cran-fastmatch
http://archive.ubuntu.com/ubuntu/pool/universe/r/r-cran-fields/r-cran-fields_9.0-3.dsc,fields,r-cran-fields
http://archive.ubuntu.com/ubuntu/pool/universe/r/r-cran-filehash/r-cran-filehash_2.4-1-2.dsc,filehash,r-cran-filehash
http://archive.ubuntu.com/ubuntu/pool/universe/r/r-cran-fitbitscraper/r-cran-fitbitscraper_0.1.8-3.dsc,fitbitscraper,r-cran-fitbitscraper
http://archive.ubuntu.com/ubuntu/pool/universe/r/r-cran-fitcoach/r-cran-fitcoach_1.0-2.dsc,fitcoach,r-cran-fitcoach
http://archive.ubuntu.com/ubuntu/pool/universe/r/r-cran-flashclust/r-cran-flashclust_1.01-2-1.dsc,flashclust,r-cran-flashclust
http://archive.ubuntu.com/ubuntu/pool/universe/r/r-cran-forcats/r-cran-forcats_0.3.0-1.dsc,forcats,r-cran-forcats
http://archive.ubuntu.com/ubuntu/pool/universe/r/r-cran-foreach/r-cran-foreach_1.4.4-1.dsc,foreach,r-cran-foreach
http://archive.ubuntu.com/ubuntu/pool/universe/r/r-cran-formatr/r-cran-formatr_1.5-2.dsc,formatr,r-cran-formatr
http://archive.ubuntu.com/ubuntu/pool/universe/r/r-cran-formula/r-cran-formula_1.2-2-1.1.dsc,formula,r-cran-formula
http://archive.ubuntu.com/ubuntu/pool/universe/r/r-cran-futile.logger/r-cran-futile.logger_1.4.3-2.dsc,futile.logger,r-cran-futile.logger
http://archive.ubuntu.com/ubuntu/pool/universe/r/r-cran-futile.options/r-cran-futile.options_1.0.0-3.dsc,futile.options,r-cran-futile.options
http://archive.ubuntu.com/ubuntu/pool/universe/r/r-cran-future/r-cran-future_1.7.0-1ubuntu1.dsc,future,r-cran-future
http://archive.ubuntu.com/ubuntu/pool/universe/r/r-cran-g.data/r-cran-g.data_2.4-2.dsc,g.data,r-cran-g.data
http://archive.ubuntu.com/ubuntu/pool/universe/r/r-cran-gam/r-cran-gam_1.14-4-1.dsc,gam,r-cran-gam
http://archive.ubuntu.com/ubuntu/pool/universe/r/r-cran-gbm/r-cran-gbm_2.1.3-2.dsc,gbm,r-cran-gbm
http://archive.ubuntu.com/ubuntu/pool/universe/r/r-cran-geepack/r-cran-geepack_1.2-1-1build1.dsc,geepack,r-cran-geepack
http://archive.ubuntu.com/ubuntu/pool/universe/r/r-cran-genabel/r-cran-genabel_1.8-0-2.dsc,genabel,r-cran-genabel
http://archive.ubuntu.com/ubuntu/pool/universe/r/r-cran-genabel.data/r-cran-genabel.data_1.0.0-2.dsc,genabel.data,r-cran-genabel.data
http://archive.ubuntu.com/ubuntu/pool/universe/r/r-cran-ggplot2/r-cran-ggplot2_2.2.1-3.dsc,ggplot2,r-cran-ggplot2
http://archive.ubuntu.com/ubuntu/pool/universe/r/r-cran-ggvis/r-cran-ggvis_0.4.3+dfsg-1.dsc,ggvis,r-cran-ggvis
http://archive.ubuntu.com/ubuntu/pool/universe/r/r-cran-git2r/r-cran-git2r_0.21.0-1build1.dsc,git2r,r-cran-git2r
http://archive.ubuntu.com/ubuntu/pool/universe/r/r-cran-glmnet/r-cran-glmnet_2.0-16-1.dsc,glmnet,r-cran-glmnet
http://archive.ubuntu.com/ubuntu/pool/universe/r/r-cran-globals/r-cran-globals_0.11.0-1.dsc,globals,r-cran-globals
http://archive.ubuntu.com/ubuntu/pool/universe/r/r-cran-glue/r-cran-glue_1.2.0-1.dsc,glue,r-cran-glue
http://archive.ubuntu.com/ubuntu/pool/universe/r/r-cran-gnm/r-cran-gnm_1.0-8-1build1.dsc,gnm,r-cran-gnm
http://archive.ubuntu.com/ubuntu/pool/universe/r/r-cran-goftest/r-cran-goftest_1.1-1-2.dsc,goftest,r-cran-goftest
http://archive.ubuntu.com/ubuntu/pool/universe/r/r-cran-googlevis/r-cran-googlevis_0.6.2-2.dsc,googlevis,r-cran-googlevis
http://archive.ubuntu.com/ubuntu/pool/universe/r/r-cran-gower/r-cran-gower_0.1.2-1.dsc,gower,r-cran-gower
http://archive.ubuntu.com/ubuntu/pool/universe/r/r-cran-gridbase/r-cran-gridbase_0.4-7-3.dsc,gridbase,r-cran-gridbase
http://archive.ubuntu.com/ubuntu/pool/universe/r/r-cran-gridextra/r-cran-gridextra_2.3-1.1.dsc,gridextra,r-cran-gridextra
http://archive.ubuntu.com/ubuntu/pool/universe/r/r-cran-gsl/r-cran-gsl_1.9-10.3-2.dsc,gsl,r-cran-gsl
http://archive.ubuntu.com/ubuntu/pool/universe/r/r-cran-gss/r-cran-gss_2.1-7-2build1.dsc,gss,r-cran-gss
http://archive.ubuntu.com/ubuntu/pool/universe/r/r-cran-gtable/r-cran-gtable_0.2.0-2.dsc,gtable,r-cran-gtable
http://archive.ubuntu.com/ubuntu/pool/universe/r/r-cran-guerry/r-cran-guerry_1.6-1-1.dsc,guerry,r-cran-guerry
http://archive.ubuntu.com/ubuntu/pool/universe/r/r-cran-haven/r-cran-haven_1.1.1-1.dsc,haven,r-cran-haven
http://archive.ubuntu.com/ubuntu/pool/universe/r/r-cran-hexbin/r-cran-hexbin_1.27.1-2.dsc,hexbin,r-cran-hexbin
http://archive.ubuntu.com/ubuntu/pool/universe/r/r-cran-highr/r-cran-highr_0.6-2.dsc,highr,r-cran-highr
http://archive.ubuntu.com/ubuntu/pool/universe/r/r-cran-hms/r-cran-hms_0.4.0-2.dsc,hms,r-cran-hms
http://archive.ubuntu.com/ubuntu/pool/universe/r/r-cran-htmltable/r-cran-htmltable_1.11.2-1.dsc,htmltable,r-cran-htmltable
http://archive.ubuntu.com/ubuntu/pool/universe/r/r-cran-htmltools/r-cran-htmltools_0.3.6-1.dsc,htmltools,r-cran-htmltools
http://archive.ubuntu.com/ubuntu/pool/universe/r/r-cran-htmlwidgets/r-cran-htmlwidgets_1.0-1.dsc,htmlwidgets,r-cran-htmlwidgets
http://archive.ubuntu.com/ubuntu/pool/universe/r/r-cran-httpcode/r-cran-httpcode_0.2.0-2.dsc,httpcode,r-cran-httpcode
http://archive.ubuntu.com/ubuntu/pool/universe/r/r-cran-httpuv/r-cran-httpuv_1.3.5-1.dsc,httpuv,r-cran-httpuv
http://archive.ubuntu.com/ubuntu/pool/universe/r/r-cran-httr/r-cran-httr_1.3.1-1.dsc,httr,r-cran-httr
http://archive.ubuntu.com/ubuntu/pool/universe/r/r-cran-hwriter/r-cran-hwriter_1.3.2-2.dsc,hwriter,r-cran-hwriter
http://archive.ubuntu.com/ubuntu/pool/universe/r/r-cran-hypergeo/r-cran-hypergeo_1.2-13-1build1.dsc,hypergeo,r-cran-hypergeo
http://archive.ubuntu.com/ubuntu/pool/universe/r/r-cran-igraph/r-cran-igraph_1.1.2-2ubuntu3.dsc,igraph,r-cran-igraph
http://archive.ubuntu.com/ubuntu/pool/universe/r/r-cran-inline/r-cran-inline_0.3.14-1.1.dsc,inline,r-cran-inline
http://archive.ubuntu.com/ubuntu/pool/universe/r/r-cran-int64/r-cran-int64_1.1.2-4build1.dsc,int64,r-cran-int64
http://archive.ubuntu.com/ubuntu/pool/universe/r/r-cran-ipred/r-cran-ipred_0.9-6-1.dsc,ipred,r-cran-ipred
http://archive.ubuntu.com/ubuntu/pool/universe/r/r-cran-irlba/r-cran-irlba_2.3.2-1ubuntu1.dsc,irlba,r-cran-irlba
http://archive.ubuntu.com/ubuntu/pool/universe/r/r-cran-isocodes/r-cran-isocodes_2017.09.27-1.dsc,isocodes,r-cran-isocodes
http://archive.ubuntu.com/ubuntu/pool/universe/r/r-cran-isoweek/r-cran-isoweek_0.6-2-1.dsc,isoweek,r-cran-isoweek
http://archive.ubuntu.com/ubuntu/pool/universe/r/r-cran-iterators/r-cran-iterators_1.0.9-1.dsc,iterators,r-cran-iterators
http://archive.ubuntu.com/ubuntu/pool/universe/r/r-cran-jsonlite/r-cran-jsonlite_1.5-2.dsc,jsonlite,r-cran-jsonlite
http://archive.ubuntu.com/ubuntu/pool/universe/r/r-cran-kernlab/r-cran-kernlab_0.9-25-1build1.dsc,kernlab,r-cran-kernlab
http://archive.ubuntu.com/ubuntu/pool/universe/r/r-cran-knitr/r-cran-knitr_1.17-2.dsc,knitr,r-cran-knitr
http://archive.ubuntu.com/ubuntu/pool/universe/r/r-cran-labeling/r-cran-labeling_0.3-2.dsc,labeling,r-cran-labeling
http://archive.ubuntu.com/ubuntu/pool/universe/r/r-cran-lambda.r/r-cran-lambda.r_1.2-1.dsc,lambda.r,r-cran-lambda.r
http://archive.ubuntu.com/ubuntu/pool/universe/r/r-cran-lava/r-cran-lava_1.5.1-1.dsc,lava,r-cran-lava
http://archive.ubuntu.com/ubuntu/pool/universe/r/r-cran-lavaan/r-cran-lavaan_0.5.23.1097-1.dsc,lavaan,r-cran-lavaan
http://archive.ubuntu.com/ubuntu/pool/universe/r/r-cran-lazyeval/r-cran-lazyeval_0.2.1-2.dsc,lazyeval,r-cran-lazyeval
http://archive.ubuntu.com/ubuntu/pool/universe/r/r-cran-leaps/r-cran-leaps_3.0-1.dsc,leaps,r-cran-leaps
http://archive.ubuntu.com/ubuntu/pool/universe/r/r-cran-learnbayes/r-cran-learnbayes_2.15-5.dsc,learnbayes,r-cran-learnbayes
http://archive.ubuntu.com/ubuntu/pool/universe/r/r-cran-lexrankr/r-cran-lexrankr_0.5.0-1.dsc,lexrankr,r-cran-lexrankr
http://archive.ubuntu.com/ubuntu/pool/universe/r/r-cran-lhs/r-cran-lhs_0.14-2.dsc,lhs,r-cran-lhs
http://archive.ubuntu.com/ubuntu/pool/universe/r/r-cran-listenv/r-cran-listenv_0.6.0-1build1.dsc,listenv,r-cran-listenv
http://archive.ubuntu.com/ubuntu/pool/universe/r/r-cran-littler/r-cran-littler_0.3.3-1.dsc,littler,r-cran-littler
http://archive.ubuntu.com/ubuntu/pool/universe/r/r-cran-lmertest/r-cran-lmertest_2.0-36-1.dsc,lmertest,r-cran-lmertest
http://archive.ubuntu.com/ubuntu/pool/universe/r/r-cran-logspline/r-cran-logspline_2.1.9-1build1.dsc,logspline,r-cran-logspline
http://archive.ubuntu.com/ubuntu/pool/universe/r/r-cran-lsmeans/r-cran-lsmeans_2.27-61-1.dsc,lsmeans,r-cran-lsmeans
http://archive.ubuntu.com/ubuntu/pool/universe/r/r-cran-lubridate/r-cran-lubridate_1.7.1-1.dsc,lubridate,r-cran-lubridate
http://archive.ubuntu.com/ubuntu/pool/universe/r/r-cran-luminescence/r-cran-luminescence_0.7.5-1.dsc,luminescence,r-cran-luminescence
http://archive.ubuntu.com/ubuntu/pool/universe/r/r-cran-magrittr/r-cran-magrittr_1.5-4.dsc,magrittr,r-cran-magrittr
http://archive.ubuntu.com/ubuntu/pool/universe/r/r-cran-maldiquant/r-cran-maldiquant_1.16.4-1.dsc,maldiquant,r-cran-maldiquant
http://archive.ubuntu.com/ubuntu/pool/universe/r/r-cran-maldiquantforeign/r-cran-maldiquantforeign_0.11-1.dsc,maldiquantforeign,r-cran-maldiquantforeign
http://archive.ubuntu.com/ubuntu/pool/universe/r/r-cran-maptree/r-cran-maptree_1.4-7-1build1.dsc,maptree,r-cran-maptree
http://archive.ubuntu.com/ubuntu/pool/universe/r/r-cran-markdown/r-cran-markdown_0.8-1ubuntu1.dsc,markdown,r-cran-markdown
http://archive.ubuntu.com/ubuntu/pool/universe/r/r-cran-mass/r-cran-mass_7.3-49-1.dsc,mass,r-cran-mass
http://archive.ubuntu.com/ubuntu/pool/universe/r/r-cran-matching/r-cran-matching_4.9-2-1.dsc,matching,r-cran-matching
http://archive.ubuntu.com/ubuntu/pool/universe/r/r-cran-matrixcalc/r-cran-matrixcalc_1.0.3-3.dsc,matrixcalc,r-cran-matrixcalc
http://archive.ubuntu.com/ubuntu/pool/universe/r/r-cran-matrixmodels/r-cran-matrixmodels_0.4-1-1.1.dsc,matrixmodels,r-cran-matrixmodels
http://archive.ubuntu.com/ubuntu/pool/universe/r/r-cran-matrixstats/r-cran-matrixstats_0.52.2-2.dsc,matrixstats,r-cran-matrixstats
http://archive.ubuntu.com/ubuntu/pool/universe/r/r-cran-maxlik/r-cran-maxlik_1.3-4-3.dsc,maxlik,r-cran-maxlik
http://archive.ubuntu.com/ubuntu/pool/universe/r/r-cran-mclust/r-cran-mclust_5.4-1.dsc,mclust,r-cran-mclust
http://archive.ubuntu.com/ubuntu/pool/universe/r/r-cran-mcmc/r-cran-mcmc_0.9-5-1.dsc,mcmc,r-cran-mcmc
http://archive.ubuntu.com/ubuntu/pool/universe/r/r-cran-medadherence/r-cran-medadherence_1.03-4.dsc,medadherence,r-cran-medadherence
http://archive.ubuntu.com/ubuntu/pool/universe/r/r-cran-memoise/r-cran-memoise_1.0.0-1build1.dsc,memoise,r-cran-memoise
http://archive.ubuntu.com/ubuntu/pool/universe/r/r-cran-mfilter/r-cran-mfilter_0.1.3-2.dsc,mfilter,r-cran-mfilter
http://archive.ubuntu.com/ubuntu/pool/universe/r/r-cran-mi/r-cran-mi_1.0-5.dsc,mi,r-cran-mi
http://archive.ubuntu.com/ubuntu/pool/universe/r/r-cran-mime/r-cran-mime_0.5-1build1.dsc,mime,r-cran-mime
http://archive.ubuntu.com/ubuntu/pool/universe/r/r-cran-miniui/r-cran-miniui_0.1.1-2.dsc,miniui,r-cran-miniui
http://archive.ubuntu.com/ubuntu/pool/universe/r/r-cran-minpack.lm/r-cran-minpack.lm_1.2-1-3.dsc,minpack.lm,r-cran-minpack.lm
http://archive.ubuntu.com/ubuntu/pool/universe/r/r-cran-minqa/r-cran-minqa_1.2.4-1build1.dsc,minqa,r-cran-minqa
http://archive.ubuntu.com/ubuntu/pool/universe/r/r-cran-misctools/r-cran-misctools_0.6-22-1.dsc,misctools,r-cran-misctools
http://archive.ubuntu.com/ubuntu/pool/universe/r/r-cran-mixtools/r-cran-mixtools_1.1.0-1.dsc,mixtools,r-cran-mixtools
http://archive.ubuntu.com/ubuntu/pool/universe/r/r-cran-mlbench/r-cran-mlbench_2.1-1-2.dsc,mlbench,r-cran-mlbench
http://archive.ubuntu.com/ubuntu/pool/universe/r/r-cran-mlmrev/r-cran-mlmrev_1.0-6-4.dsc,mlmrev,r-cran-mlmrev
http://archive.ubuntu.com/ubuntu/pool/universe/r/r-cran-mockery/r-cran-mockery_0.4.1-1.dsc,mockery,r-cran-mockery
http://archive.ubuntu.com/ubuntu/pool/universe/r/r-cran-modelmetrics/r-cran-modelmetrics_1.1.0-1build1.dsc,modelmetrics,r-cran-modelmetrics
http://archive.ubuntu.com/ubuntu/pool/universe/r/r-cran-modeltools/r-cran-modeltools_0.2-21-2.dsc,modeltools,r-cran-modeltools
http://archive.ubuntu.com/ubuntu/pool/universe/r/r-cran-multicore/r-cran-multicore_0.2-1build1.dsc,multicore,r-cran-multicore
http://archive.ubuntu.com/ubuntu/pool/universe/r/r-cran-munsell/r-cran-munsell_0.4.3-2.dsc,munsell,r-cran-munsell
http://archive.ubuntu.com/ubuntu/pool/universe/r/r-cran-mvnormtest/r-cran-mvnormtest_0.1-9-1build1.dsc,mvnormtest,r-cran-mvnormtest
http://archive.ubuntu.com/ubuntu/pool/universe/r/r-cran-natserv/r-cran-natserv_0.1.4-2.dsc,natserv,r-cran-natserv
http://archive.ubuntu.com/ubuntu/pool/universe/r/r-cran-ncdf4/r-cran-ncdf4_1.16-1.dsc,ncdf4,r-cran-ncdf4
http://archive.ubuntu.com/ubuntu/pool/universe/r/r-cran-nleqslv/r-cran-nleqslv_3.3.1-1build1.dsc,nleqslv,r-cran-nleqslv
http://archive.ubuntu.com/ubuntu/pool/universe/r/r-cran-nloptr/r-cran-nloptr_1.0.4-1build1.dsc,nloptr,r-cran-nloptr
http://archive.ubuntu.com/ubuntu/pool/universe/r/r-cran-nlp/r-cran-nlp_0.1-11-1.dsc,nlp,r-cran-nlp
http://archive.ubuntu.com/ubuntu/pool/universe/r/r-cran-nmf/r-cran-nmf_0.20.6-1build1.dsc,nmf,r-cran-nmf
http://archive.ubuntu.com/ubuntu/pool/universe/r/r-cran-nnet/r-cran-nnet_7.3-12-2build1.dsc,nnet,r-cran-nnet
http://archive.ubuntu.com/ubuntu/pool/universe/r/r-cran-nnls/r-cran-nnls_1.4-1build1.dsc,nnls,r-cran-nnls
http://archive.ubuntu.com/ubuntu/pool/universe/r/r-cran-nortest/r-cran-nortest_1.0-4-1.dsc,nortest,r-cran-nortest
http://archive.ubuntu.com/ubuntu/pool/universe/r/r-cran-numderiv/r-cran-numderiv_2016.8-1-1.1.dsc,numderiv,r-cran-numderiv
http://archive.ubuntu.com/ubuntu/pool/universe/r/r-cran-openssl/r-cran-openssl_1.0.1-1ubuntu1.dsc,openssl,r-cran-openssl
http://archive.ubuntu.com/ubuntu/pool/universe/r/r-cran-optparse/r-cran-optparse_1.4.4-1ubuntu1.dsc,optparse,r-cran-optparse
http://archive.ubuntu.com/ubuntu/pool/universe/r/r-cran-pbapply/r-cran-pbapply_1.3-3-1.dsc,pbapply,r-cran-pbapply
http://archive.ubuntu.com/ubuntu/pool/universe/r/r-cran-pbdzmq/r-cran-pbdzmq_0.3.2+dfsg-1.dsc,pbdzmq,r-cran-pbdzmq
http://archive.ubuntu.com/ubuntu/pool/universe/r/r-cran-pbivnorm/r-cran-pbivnorm_0.6.0-2.dsc,pbivnorm,r-cran-pbivnorm
http://archive.ubuntu.com/ubuntu/pool/universe/r/r-cran-pbkrtest/r-cran-pbkrtest_0.4-7-1.1.dsc,pbkrtest,r-cran-pbkrtest
http://archive.ubuntu.com/ubuntu/pool/universe/r/r-cran-permute/r-cran-permute_0.9-4-1.dsc,permute,r-cran-permute
http://archive.ubuntu.com/ubuntu/pool/universe/r/r-cran-phangorn/r-cran-phangorn_2.4.0-1.dsc,phangorn,r-cran-phangorn
http://archive.ubuntu.com/ubuntu/pool/universe/r/r-cran-pheatmap/r-cran-pheatmap_1.0.8-3.dsc,pheatmap,r-cran-pheatmap
http://archive.ubuntu.com/ubuntu/pool/universe/r/r-cran-phylobase/r-cran-phylobase_0.8.4-2.dsc,phylobase,r-cran-phylobase
http://archive.ubuntu.com/ubuntu/pool/universe/r/r-cran-phytools/r-cran-phytools_0.6-44-1.dsc,phytools,r-cran-phytools
http://archive.ubuntu.com/ubuntu/pool/universe/r/r-cran-pillar/r-cran-pillar_1.0.1-1.dsc,pillar,r-cran-pillar
http://archive.ubuntu.com/ubuntu/pool/universe/r/r-cran-pkgconfig/r-cran-pkgconfig_2.0.1-2.dsc,pkgconfig,r-cran-pkgconfig
http://archive.ubuntu.com/ubuntu/pool/universe/r/r-cran-pkgkitten/r-cran-pkgkitten_0.1.4-1.1.dsc,pkgkitten,r-cran-pkgkitten
http://archive.ubuntu.com/ubuntu/pool/universe/r/r-cran-pkgmaker/r-cran-pkgmaker_0.22-1build1.dsc,pkgmaker,r-cran-pkgmaker
http://archive.ubuntu.com/ubuntu/pool/universe/r/r-cran-plogr/r-cran-plogr_0.1-1-2.dsc,plogr,r-cran-plogr
http://archive.ubuntu.com/ubuntu/pool/universe/r/r-cran-plotly/r-cran-plotly_4.7.1+dfsg-1.dsc,plotly,r-cran-plotly
http://archive.ubuntu.com/ubuntu/pool/universe/r/r-cran-plyr/r-cran-plyr_1.8.4-1build1.dsc,plyr,r-cran-plyr
http://archive.ubuntu.com/ubuntu/pool/universe/r/r-cran-png/r-cran-png_0.1-7-2.dsc,png,r-cran-png
http://archive.ubuntu.com/ubuntu/pool/universe/r/r-cran-polyclip/r-cran-polyclip_1.6-1-1.dsc,polyclip,r-cran-polyclip
http://archive.ubuntu.com/ubuntu/pool/universe/r/r-cran-polycub/r-cran-polycub_0.6.1-3ubuntu1.dsc,polycub,r-cran-polycub
http://archive.ubuntu.com/ubuntu/pool/universe/r/r-cran-praise/r-cran-praise_1.0.0-2ubuntu1.dsc,praise,r-cran-praise
http://archive.ubuntu.com/ubuntu/pool/universe/r/r-cran-prettyunits/r-cran-prettyunits_1.0.2-2.dsc,prettyunits,r-cran-prettyunits
http://archive.ubuntu.com/ubuntu/pool/universe/r/r-cran-princurve/r-cran-princurve_1.1-12-2.dsc,princurve,r-cran-princurve
http://archive.ubuntu.com/ubuntu/pool/universe/r/r-cran-prodlim/r-cran-prodlim_1.6.1-1.dsc,prodlim,r-cran-prodlim
http://archive.ubuntu.com/ubuntu/pool/universe/r/r-cran-profilemodel/r-cran-profilemodel_0.5-9-2.dsc,profilemodel,r-cran-profilemodel
http://archive.ubuntu.com/ubuntu/pool/universe/r/r-cran-progress/r-cran-progress_1.1.2-2.dsc,progress,r-cran-progress
http://archive.ubuntu.com/ubuntu/pool/universe/r/r-cran-proto/r-cran-proto_1.0.0-1build1.dsc,proto,r-cran-proto
http://archive.ubuntu.com/ubuntu/pool/universe/r/r-cran-pscbs/r-cran-pscbs_0.63.0-1.dsc,pscbs,r-cran-pscbs
http://archive.ubuntu.com/ubuntu/pool/universe/r/r-cran-pscl/r-cran-pscl_1.5.2-1.dsc,pscl,r-cran-pscl
http://archive.ubuntu.com/ubuntu/pool/universe/r/r-cran-psych/r-cran-psych_1.7.8-1.dsc,psych,r-cran-psych
http://archive.ubuntu.com/ubuntu/pool/universe/r/r-cran-purrr/r-cran-purrr_0.2.4-1.dsc,purrr,r-cran-purrr
http://archive.ubuntu.com/ubuntu/pool/universe/r/r-cran-pwt/r-cran-pwt_7.1.1-4.dsc,pwt,r-cran-pwt
http://archive.ubuntu.com/ubuntu/pool/universe/r/r-cran-pwt8/r-cran-pwt8_8.1.1-3.dsc,pwt8,r-cran-pwt8
http://archive.ubuntu.com/ubuntu/pool/universe/r/r-cran-pwt9/r-cran-pwt9_9.0-0-2.dsc,pwt9,r-cran-pwt9
http://archive.ubuntu.com/ubuntu/pool/universe/r/r-cran-qqman/r-cran-qqman_0.1.4-4.dsc,qqman,r-cran-qqman
http://archive.ubuntu.com/ubuntu/pool/universe/r/r-cran-quantmod/r-cran-quantmod_0.4-12-1.dsc,quantmod,r-cran-quantmod
http://archive.ubuntu.com/ubuntu/pool/universe/r/r-cran-quantreg/r-cran-quantreg_5.35-1.dsc,quantreg,r-cran-quantreg
http://archive.ubuntu.com/ubuntu/pool/universe/r/r-cran-qvcalc/r-cran-qvcalc_0.9-1-1.dsc,qvcalc,r-cran-qvcalc
http://archive.ubuntu.com/ubuntu/pool/universe/r/r-cran-r.cache/r-cran-r.cache_0.12.0-2build1.dsc,r.cache,r-cran-r.cache
http://archive.ubuntu.com/ubuntu/pool/universe/r/r-cran-r.methodss3/r-cran-r.methodss3_1.7.1-2.dsc,r.methodss3,r-cran-r.methodss3
http://archive.ubuntu.com/ubuntu/pool/universe/r/r-cran-r.oo/r-cran-r.oo_1.21.0-2.dsc,r.oo,r-cran-r.oo
http://archive.ubuntu.com/ubuntu/pool/universe/r/r-cran-r.utils/r-cran-r.utils_2.6.0-1.dsc,r.utils,r-cran-r.utils
http://archive.ubuntu.com/ubuntu/pool/universe/r/r-cran-r6/r-cran-r6_2.2.2-2.dsc,r6,r-cran-r6
http://archive.ubuntu.com/ubuntu/pool/universe/r/r-cran-randomfields/r-cran-randomfields_3.1.50-2.dsc,randomfields,r-cran-randomfields
http://archive.ubuntu.com/ubuntu/pool/universe/r/r-cran-randomfieldsutils/r-cran-randomfieldsutils_0.3.25-2.dsc,randomfieldsutils,r-cran-randomfieldsutils
http://archive.ubuntu.com/ubuntu/pool/universe/r/r-cran-raschsampler/r-cran-raschsampler_0.8-8-1build2.dsc,raschsampler,r-cran-raschsampler
http://archive.ubuntu.com/ubuntu/pool/universe/r/r-cran-raster/r-cran-raster_2.6-7-1.dsc,raster,r-cran-raster
http://archive.ubuntu.com/ubuntu/pool/universe/r/r-cran-rcmdrmisc/r-cran-rcmdrmisc_1.0-7-1.dsc,rcmdrmisc,r-cran-rcmdrmisc
http://archive.ubuntu.com/ubuntu/pool/universe/r/r-cran-rcpparmadillo/r-cran-rcpparmadillo_0.8.300.1.0-1.dsc,rcpparmadillo,r-cran-rcpparmadillo
http://archive.ubuntu.com/ubuntu/pool/universe/r/r-cran-rcppeigen/r-cran-rcppeigen_0.3.3.4.0-1.dsc,rcppeigen,r-cran-rcppeigen
http://archive.ubuntu.com/ubuntu/pool/universe/r/r-cran-rcppgsl/r-cran-rcppgsl_0.3.3-1.dsc,rcppgsl,r-cran-rcppgsl
http://archive.ubuntu.com/ubuntu/pool/universe/r/r-cran-rcpproll/r-cran-rcpproll_0.2.2-2.dsc,rcpproll,r-cran-rcpproll
http://archive.ubuntu.com/ubuntu/pool/universe/r/r-cran-rcurl/r-cran-rcurl_1.95-4.8-4build1.dsc,rcurl,r-cran-rcurl
http://archive.ubuntu.com/ubuntu/pool/universe/r/r-cran-readbrukerflexdata/r-cran-readbrukerflexdata_1.8.5-1.dsc,readbrukerflexdata,r-cran-readbrukerflexdata
http://archive.ubuntu.com/ubuntu/pool/universe/r/r-cran-readmzxmldata/r-cran-readmzxmldata_2.8.1-1build1.dsc,readmzxmldata,r-cran-readmzxmldata
http://archive.ubuntu.com/ubuntu/pool/universe/r/r-cran-readr/r-cran-readr_1.1.1-1.dsc,readr,r-cran-readr
http://archive.ubuntu.com/ubuntu/pool/universe/r/r-cran-readstata13/r-cran-readstata13_0.9.0-2.dsc,readstata13,r-cran-readstata13
http://archive.ubuntu.com/ubuntu/pool/universe/r/r-cran-readxl/r-cran-readxl_1.0.0-2.dsc,readxl,r-cran-readxl
http://archive.ubuntu.com/ubuntu/pool/universe/r/r-cran-recipes/r-cran-recipes_0.1.0-1.dsc,recipes,r-cran-recipes
http://archive.ubuntu.com/ubuntu/pool/universe/r/r-cran-registry/r-cran-registry_0.5-1.dsc,registry,r-cran-registry
http://archive.ubuntu.com/ubuntu/pool/universe/r/r-cran-rematch/r-cran-rematch_1.0.1-1.1.dsc,rematch,r-cran-rematch
http://archive.ubuntu.com/ubuntu/pool/universe/r/r-cran-rentrez/r-cran-rentrez_1.2.0-1.dsc,rentrez,r-cran-rentrez
http://archive.ubuntu.com/ubuntu/pool/universe/r/r-cran-repr/r-cran-repr_0.12.0-2.dsc,repr,r-cran-repr
http://archive.ubuntu.com/ubuntu/pool/universe/r/r-cran-reshape/r-cran-reshape_0.8.7-1.dsc,reshape,r-cran-reshape
http://archive.ubuntu.com/ubuntu/pool/universe/r/r-cran-reshape2/r-cran-reshape2_1.4.2-1build1.dsc,reshape2,r-cran-reshape2
http://archive.ubuntu.com/ubuntu/pool/universe/r/r-cran-rgenoud/r-cran-rgenoud_5.7-12.4-1.dsc,rgenoud,r-cran-rgenoud
http://archive.ubuntu.com/ubuntu/pool/universe/r/r-cran-rglwidget/r-cran-rglwidget_0.2.1-2.dsc,rglwidget,r-cran-rglwidget
http://archive.ubuntu.com/ubuntu/pool/universe/r/r-cran-rhandsontable/r-cran-rhandsontable_0.3.5+dfsg-1.dsc,rhandsontable,r-cran-rhandsontable
http://archive.ubuntu.com/ubuntu/pool/universe/r/r-cran-rinside/r-cran-rinside_0.2.14-1build1.dsc,rinside,r-cran-rinside
http://archive.ubuntu.com/ubuntu/pool/universe/r/r-cran-ritis/r-cran-ritis_0.7.0-1.dsc,ritis,r-cran-ritis
http://archive.ubuntu.com/ubuntu/pool/universe/r/r-cran-rjags/r-cran-rjags_1:4-6-2.dsc,rjags,r-cran-rjags
http://archive.ubuntu.com/ubuntu/pool/universe/r/r-cran-rjson/r-cran-rjson_0.2.15-1build1.dsc,rjson,r-cran-rjson
http://archive.ubuntu.com/ubuntu/pool/universe/r/r-cran-rjsonio/r-cran-rjsonio_1.3-0-3.dsc,rjsonio,r-cran-rjsonio
http://archive.ubuntu.com/ubuntu/pool/universe/r/r-cran-rlang/r-cran-rlang_0.2.0-1.dsc,rlang,r-cran-rlang
http://archive.ubuntu.com/ubuntu/pool/universe/r/r-cran-rlist/r-cran-rlist_0.4.6.1-1.dsc,rlist,r-cran-rlist
http://archive.ubuntu.com/ubuntu/pool/universe/r/r-cran-rlumshiny/r-cran-rlumshiny_0.2.0-1.dsc,rlumshiny,r-cran-rlumshiny
http://archive.ubuntu.com/ubuntu/pool/universe/r/r-cran-rms/r-cran-rms_5.1-2-1.dsc,rms,r-cran-rms
http://archive.ubuntu.com/ubuntu/pool/universe/r/r-cran-rncl/r-cran-rncl_0.8.2-2.dsc,rncl,r-cran-rncl
http://archive.ubuntu.com/ubuntu/pool/universe/r/r-cran-rneos/r-cran-rneos_0.3-2-1.1.dsc,rneos,r-cran-rneos
http://archive.ubuntu.com/ubuntu/pool/universe/r/r-cran-rnetcdf/r-cran-rnetcdf_1.9-1-1.dsc,rnetcdf,r-cran-rnetcdf
http://archive.ubuntu.com/ubuntu/pool/universe/r/r-cran-rnexml/r-cran-rnexml_2.0.7-2.dsc,rnexml,r-cran-rnexml
http://archive.ubuntu.com/ubuntu/pool/universe/r/r-cran-rngtools/r-cran-rngtools_1.2.4-2build1.dsc,rngtools,r-cran-rngtools
http://archive.ubuntu.com/ubuntu/pool/universe/r/r-cran-rniftilib/r-cran-rniftilib_0.0-35.r79-4.dsc,rniftilib,r-cran-rniftilib
http://archive.ubuntu.com/ubuntu/pool/universe/r/r-cran-rotl/r-cran-rotl_3.0.3-2.dsc,rotl,r-cran-rotl
http://archive.ubuntu.com/ubuntu/pool/universe/r/r-cran-rpostgresql/r-cran-rpostgresql_0.4-1build1.dsc,rpostgresql,r-cran-rpostgresql
http://archive.ubuntu.com/ubuntu/pool/universe/r/r-cran-rprojroot/r-cran-rprojroot_1.2-1.dsc,rprojroot,r-cran-rprojroot
http://archive.ubuntu.com/ubuntu/pool/universe/r/r-cran-rprotobuf/r-cran-rprotobuf_0.4.11-1.dsc,rprotobuf,r-cran-rprotobuf
http://archive.ubuntu.com/ubuntu/pool/universe/r/r-cran-rredlist/r-cran-rredlist_0.4.0-1.dsc,rredlist,r-cran-rredlist
http://archive.ubuntu.com/ubuntu/pool/universe/r/r-cran-rsclient/r-cran-rsclient_0.7-3-2build2.dsc,rsclient,r-cran-rsclient
http://archive.ubuntu.com/ubuntu/pool/universe/r/r-cran-rsdmx/r-cran-rsdmx_0.5.11+dfsg-1.dsc,rsdmx,r-cran-rsdmx
http://archive.ubuntu.com/ubuntu/pool/universe/r/r-cran-rsolnp/r-cran-rsolnp_1.16+dfsg-2.dsc,rsolnp,r-cran-rsolnp
http://archive.ubuntu.com/ubuntu/pool/universe/r/r-cran-rsqlite/r-cran-rsqlite_2.0-2ubuntu1.dsc,rsqlite,r-cran-rsqlite
http://archive.ubuntu.com/ubuntu/pool/universe/r/r-cran-rstudioapi/r-cran-rstudioapi_0.7-1.dsc,rstudioapi,r-cran-rstudioapi
http://archive.ubuntu.com/ubuntu/pool/universe/r/r-cran-rsymphony/r-cran-rsymphony_0.1-28-1.dsc,rsymphony,r-cran-rsymphony
http://archive.ubuntu.com/ubuntu/pool/universe/r/r-cran-scales/r-cran-scales_0.5.0-1ubuntu1.dsc,scales,r-cran-scales
http://archive.ubuntu.com/ubuntu/pool/universe/r/r-cran-scatterd3/r-cran-scatterd3_0.8.1+dfsg-3.dsc,scatterd3,r-cran-scatterd3
http://archive.ubuntu.com/ubuntu/pool/universe/r/r-cran-scatterplot3d/r-cran-scatterplot3d_0.3-40-2.dsc,scatterplot3d,r-cran-scatterplot3d
http://archive.ubuntu.com/ubuntu/pool/universe/r/r-cran-segmented/r-cran-segmented_0.5-2.2-1.dsc,segmented,r-cran-segmented
http://archive.ubuntu.com/ubuntu/pool/universe/r/r-cran-sem/r-cran-sem_3.1.9-1.dsc,sem,r-cran-sem
http://archive.ubuntu.com/ubuntu/pool/universe/r/r-cran-semtools/r-cran-semtools_0.4.14-2.dsc,semtools,r-cran-semtools
http://archive.ubuntu.com/ubuntu/pool/universe/r/r-cran-sendmailr/r-cran-sendmailr_1.2-1-2.dsc,sendmailr,r-cran-sendmailr
http://archive.ubuntu.com/ubuntu/pool/universe/r/r-cran-seqinr/r-cran-seqinr_3.4-5-1.dsc,seqinr,r-cran-seqinr
http://archive.ubuntu.com/ubuntu/pool/universe/r/r-cran-seroincidence/r-cran-seroincidence_1.0.5-2.dsc,seroincidence,r-cran-seroincidence
http://archive.ubuntu.com/ubuntu/pool/universe/r/r-cran-sfsmisc/r-cran-sfsmisc_1.1-1-1.dsc,sfsmisc,r-cran-sfsmisc
http://archive.ubuntu.com/ubuntu/pool/universe/r/r-cran-shape/r-cran-shape_1.4.3-1.dsc,shape,r-cran-shape
http://archive.ubuntu.com/ubuntu/pool/universe/r/r-cran-shiny/r-cran-shiny_1.0.5+dfsg-4.dsc,shiny,r-cran-shiny
http://archive.ubuntu.com/ubuntu/pool/universe/r/r-cran-shinybs/r-cran-shinybs_0.61-2.dsc,shinybs,r-cran-shinybs
http://archive.ubuntu.com/ubuntu/pool/universe/r/r-cran-shinydashboard/r-cran-shinydashboard_0.6.1-1.dsc,shinydashboard,r-cran-shinydashboard
http://archive.ubuntu.com/ubuntu/pool/universe/r/r-cran-shinyjs/r-cran-shinyjs_0.9.1-1.dsc,shinyjs,r-cran-shinyjs
http://archive.ubuntu.com/ubuntu/pool/universe/r/r-cran-slam/r-cran-slam_0.1-42-1.dsc,slam,r-cran-slam
http://archive.ubuntu.com/ubuntu/pool/universe/r/r-cran-snowballc/r-cran-snowballc_0.5.1-2.dsc,snowballc,r-cran-snowballc
http://archive.ubuntu.com/ubuntu/pool/universe/r/r-cran-solrium/r-cran-solrium_1.0.0-1.dsc,solrium,r-cran-solrium
http://archive.ubuntu.com/ubuntu/pool/universe/r/r-cran-sourcetools/r-cran-sourcetools_0.1.6-1.dsc,sourcetools,r-cran-sourcetools
http://archive.ubuntu.com/ubuntu/pool/universe/r/r-cran-spam/r-cran-spam_2.1-2-1.dsc,spam,r-cran-spam
http://archive.ubuntu.com/ubuntu/pool/universe/r/r-cran-sparsem/r-cran-sparsem_1.77-1build1.dsc,sparsem,r-cran-sparsem
http://archive.ubuntu.com/ubuntu/pool/universe/r/r-cran-spatial/r-cran-spatial_7.3-11-2build1.dsc,spatial,r-cran-spatial
http://archive.ubuntu.com/ubuntu/pool/universe/r/r-cran-spatstat/r-cran-spatstat_1.53-2-1.dsc,spatstat,r-cran-spatstat
http://archive.ubuntu.com/ubuntu/pool/universe/r/r-cran-spatstat.data/r-cran-spatstat.data_1.1-1-1.dsc,spatstat.data,r-cran-spatstat.data
http://archive.ubuntu.com/ubuntu/pool/universe/r/r-cran-spatstat.utils/r-cran-spatstat.utils_1.7-1-1.dsc,spatstat.utils,r-cran-spatstat.utils
http://archive.ubuntu.com/ubuntu/pool/universe/r/r-cran-spdep/r-cran-spdep_0.6-15-2.dsc,spdep,r-cran-spdep
http://archive.ubuntu.com/ubuntu/pool/universe/r/r-cran-stabledist/r-cran-stabledist_0.7-1-1.1.dsc,stabledist,r-cran-stabledist
http://archive.ubuntu.com/ubuntu/pool/universe/r/r-cran-statmod/r-cran-statmod_1.4.30-1build1.dsc,statmod,r-cran-statmod
http://archive.ubuntu.com/ubuntu/pool/universe/r/r-cran-stringi/r-cran-stringi_1.1.6-1.dsc,stringi,r-cran-stringi
http://archive.ubuntu.com/ubuntu/pool/universe/r/r-cran-stringr/r-cran-stringr_1.3.0-1ubuntu1.dsc,stringr,r-cran-stringr
http://archive.ubuntu.com/ubuntu/pool/universe/r/r-cran-survey/r-cran-survey_3.32-1-2.dsc,survey,r-cran-survey
http://archive.ubuntu.com/ubuntu/pool/universe/r/r-cran-taxize/r-cran-taxize_0.9.0-1.dsc,taxize,r-cran-taxize
http://archive.ubuntu.com/ubuntu/pool/universe/r/r-cran-tcltk2/r-cran-tcltk2_1.2-11-1.1.dsc,tcltk2,r-cran-tcltk2
http://archive.ubuntu.com/ubuntu/pool/universe/r/r-cran-teachingdemos/r-cran-teachingdemos_2.10-2.dsc,teachingdemos,r-cran-teachingdemos
http://archive.ubuntu.com/ubuntu/pool/universe/r/r-cran-tensor/r-cran-tensor_1.5-2.dsc,tensor,r-cran-tensor
http://archive.ubuntu.com/ubuntu/pool/universe/r/r-cran-testit/r-cran-testit_0.7-1.dsc,testit,r-cran-testit
http://archive.ubuntu.com/ubuntu/pool/universe/r/r-cran-testthat/r-cran-testthat_2.0.0-2.dsc,testthat,r-cran-testthat
http://archive.ubuntu.com/ubuntu/pool/universe/r/r-cran-tgp/r-cran-tgp_2.4-14-2build1.dsc,tgp,r-cran-tgp
http://archive.ubuntu.com/ubuntu/pool/universe/r/r-cran-th.data/r-cran-th.data_1.0-8-1build1.dsc,th.data,r-cran-th.data
http://archive.ubuntu.com/ubuntu/pool/universe/r/r-cran-tibble/r-cran-tibble_1.4.1-1ubuntu1.dsc,tibble,r-cran-tibble
http://archive.ubuntu.com/ubuntu/pool/universe/r/r-cran-tidyr/r-cran-tidyr_0.8.0-1.dsc,tidyr,r-cran-tidyr
http://archive.ubuntu.com/ubuntu/pool/universe/r/r-cran-tidyselect/r-cran-tidyselect_0.2.4-1.dsc,tidyselect,r-cran-tidyselect
http://archive.ubuntu.com/ubuntu/pool/universe/r/r-cran-tikzdevice/r-cran-tikzdevice_0.10-1-3.dsc,tikzdevice,r-cran-tikzdevice
http://archive.ubuntu.com/ubuntu/pool/universe/r/r-cran-tm/r-cran-tm_0.7-2-1.dsc,tm,r-cran-tm
http://archive.ubuntu.com/ubuntu/pool/universe/r/r-cran-treescape/r-cran-treescape_1.10.18-8.dsc,treescape,r-cran-treescape
http://archive.ubuntu.com/ubuntu/pool/universe/r/r-cran-treespace/r-cran-treespace_1.1.1-1.dsc,treespace,r-cran-treespace
http://archive.ubuntu.com/ubuntu/pool/universe/r/r-cran-triebeard/r-cran-triebeard_0.3.0-2.dsc,triebeard,r-cran-triebeard
http://archive.ubuntu.com/ubuntu/pool/universe/r/r-cran-truncdist/r-cran-truncdist_1.0-2-1.dsc,truncdist,r-cran-truncdist
http://archive.ubuntu.com/ubuntu/pool/universe/r/r-cran-truncnorm/r-cran-truncnorm_1.0-7-3.dsc,truncnorm,r-cran-truncnorm
http://archive.ubuntu.com/ubuntu/pool/universe/r/r-cran-ttr/r-cran-ttr_0.23-3-1.dsc,ttr,r-cran-ttr
http://archive.ubuntu.com/ubuntu/pool/universe/r/r-cran-urltools/r-cran-urltools_1.7.0-1ubuntu1.dsc,urltools,r-cran-urltools
http://archive.ubuntu.com/ubuntu/pool/universe/r/r-cran-utf8/r-cran-utf8_1.1.3-1.dsc,utf8,r-cran-utf8
http://archive.ubuntu.com/ubuntu/pool/universe/r/r-cran-uuid/r-cran-uuid_0.1.2-8build1.dsc,uuid,r-cran-uuid
http://archive.ubuntu.com/ubuntu/pool/universe/r/r-cran-v8/r-cran-v8_1.5-1.dsc,v8,r-cran-v8
http://archive.ubuntu.com/ubuntu/pool/universe/r/r-cran-vcdextra/r-cran-vcdextra_0.7-1-2.dsc,vcdextra,r-cran-vcdextra
http://archive.ubuntu.com/ubuntu/pool/universe/r/r-cran-vegan/r-cran-vegan_2.4-6-1.dsc,vegan,r-cran-vegan
http://archive.ubuntu.com/ubuntu/pool/universe/r/r-cran-vioplot/r-cran-vioplot_0.2-3.dsc,vioplot,r-cran-vioplot
http://archive.ubuntu.com/ubuntu/pool/universe/r/r-cran-viridis/r-cran-viridis_0.5.0-1.dsc,viridis,r-cran-viridis
http://archive.ubuntu.com/ubuntu/pool/universe/r/r-cran-viridislite/r-cran-viridislite_0.3.0-1.dsc,viridislite,r-cran-viridislite
http://archive.ubuntu.com/ubuntu/pool/universe/r/r-cran-wdi/r-cran-wdi_2.4-2.dsc,wdi,r-cran-wdi
http://archive.ubuntu.com/ubuntu/pool/universe/r/r-cran-webmockr/r-cran-webmockr_0.1.0-1.dsc,webmockr,r-cran-webmockr
http://archive.ubuntu.com/ubuntu/pool/universe/r/r-cran-whisker/r-cran-whisker_0.3-2-1.dsc,whisker,r-cran-whisker
http://archive.ubuntu.com/ubuntu/pool/universe/r/r-cran-wikidatar/r-cran-wikidatar_1.4.0-1.dsc,wikidatar,r-cran-wikidatar
http://archive.ubuntu.com/ubuntu/pool/universe/r/r-cran-wikipedir/r-cran-wikipedir_1.5.0-1.dsc,wikipedir,r-cran-wikipedir
http://archive.ubuntu.com/ubuntu/pool/universe/r/r-cran-wikitaxa/r-cran-wikitaxa_0.2.0-1.dsc,wikitaxa,r-cran-wikitaxa
http://archive.ubuntu.com/ubuntu/pool/universe/r/r-cran-withr/r-cran-withr_2.1.0-1ubuntu3.dsc,withr,r-cran-withr
http://archive.ubuntu.com/ubuntu/pool/universe/r/r-cran-wordcloud/r-cran-wordcloud_2.5-1.dsc,wordcloud,r-cran-wordcloud
http://archive.ubuntu.com/ubuntu/pool/universe/r/r-cran-worrms/r-cran-worrms_0.2.0-1.dsc,worrms,r-cran-worrms
http://archive.ubuntu.com/ubuntu/pool/universe/r/r-cran-xml2/r-cran-xml2_1.2.0-1.dsc,xml2,r-cran-xml2
http://archive.ubuntu.com/ubuntu/pool/universe/r/r-cran-xts/r-cran-xts_0.10-1-1.dsc,xts,r-cran-xts
http://archive.ubuntu.com/ubuntu/pool/universe/r/r-cran-yaml/r-cran-yaml_2.1.14-1build1.dsc,yaml,r-cran-yaml
http://archive.ubuntu.com/ubuntu/pool/universe/r/r-omegahat-xmlrpc/r-omegahat-xmlrpc_0.3-0-1.1.dsc,xmlrpc,r-omegahat-xmlrpc
http://archive.ubuntu.com/ubuntu/pool/universe/r/r-other-amsmercury/r-other-amsmercury_1.3.0-2build1.dsc,amsmercury,r-other-amsmercury
http://archive.ubuntu.com/ubuntu/pool/universe/r/r-other-curvefdp/r-other-curvefdp_2.0-4.dsc,curvefdp,r-other-curvefdp
http://archive.ubuntu.com/ubuntu/pool/universe/r/r-other-hms-dbmi-spp/r-other-hms-dbmi-spp_1.15-1.dsc,hms-dbmi-spp,r-other-hms-dbmi-spp
http://archive.ubuntu.com/ubuntu/pool/universe/r/r-other-iwrlars/r-other-iwrlars_0.9-5-2build1.dsc,iwrlars,r-other-iwrlars
http://archive.ubuntu.com/ubuntu/pool/universe/r/r-other-mott-happy.hbrem/r-other-mott-happy.hbrem_2.4-2.dsc,mott-happy.hbrem,r-other-mott-happy.hbrem
http://archive.ubuntu.com/ubuntu/pool/universe/r/r-other-nitpick/r-other-nitpick_2.0-3.dsc,nitpick,r-other-nitpick
http://archive.ubuntu.com/ubuntu/pool/universe/r/r-other-rot/r-other-rot_1.9-5.dsc,rot,R-other-rot
